{"Precision": 0.9565217391304348, "Accuracy": 0.9478326612903226, "Recall": 0.9398907103825137}