{"Precision": 0.9750504032258065, "Accuracy": 0.9621954282843507, "Recall": 0.9503807418324736}