{"Precision": 0.9601814516129032, "Accuracy": 0.9485054006531022, "Recall": 0.9379615952732644}