{"Precision": 0.9581653225806451, "Accuracy": 0.9442351168048229, "Recall": 0.9318627450980392}