{"Precision": 0.9571715649334338, "Accuracy": 0.9444479277697662, "Recall": 0.9332598579475876}