{"Precision": 0.9629566694987256, "Accuracy": 0.9523251923720307, "Recall": 0.9415185246718724}