{"test/lottery_10/lottery_10_30000": {"Precision": 0.3699235344095157, "Accuracy": 0.5746905319504851, "Recall": 0.612549240292628}}