{"res50_vectors/lottery_10/lottery_10_10000": {"Precision": 0.961071789686552, "Accuracy": 0.9576612903225806, "Recall": 0.9543172690763052}, "res50_vectors/lottery_10/lottery_10_50000": {"Precision": 0.9766475361171582, "Accuracy": 0.9619916762773906, "Recall": 0.9497690531177829}, "res50_vectors/lottery_10/lottery_10_20000": {"Precision": 0.9720262096774194, "Accuracy": 0.9559155990957046, "Recall": 0.9414205516231389}, "res50_vectors/lottery_10/lottery_10_30000": {"Precision": 0.9683942225998301, "Accuracy": 0.9565071930411508, "Recall": 0.9446378252942151}, "res50_vectors/lottery_10/lottery_10_40000": {"Precision": 0.9727455413212761, "Accuracy": 0.9578029970531068, "Recall": 0.9443970247530789}, "res50_vectors/lottery_100/lottery_100_10000": {"Precision": 0.9721941354903944, "Accuracy": 0.9611895161290323, "Recall": 0.9510385756676558}, "res50_vectors/lottery_100/lottery_100_50000": {"Precision": 0.9748664159905007, "Accuracy": 0.9600361028932457, "Recall": 0.9477633477633478}, "res50_vectors/lottery_100/lottery_100_20000": {"Precision": 0.9780745967741935, "Accuracy": 0.9637025872896258, "Recall": 0.9505265735978448}, "res50_vectors/lottery_100/lottery_100_30000": {"Precision": 0.9731520815632965, "Accuracy": 0.9628638340582134, "Recall": 0.9524363878263762}, "res50_vectors/lottery_100/lottery_100_40000": {"Precision": 0.975885455915599, "Accuracy": 0.9610006896984137, "Recall": 0.947560975609756}, "res50_vectors/lottery_20/lottery_20_50000": {"Precision": 0.9776370472986344, "Accuracy": 0.9654515368801083, "Recall": 0.9552354249250701}, "res50_vectors/lottery_20/lottery_20_20000": {"Precision": 0.9750504032258065, "Accuracy": 0.9621954282843507, "Recall": 0.9503807418324736}, "res50_vectors/lottery_20/lottery_20_30000": {"Precision": 0.9770603228547153, "Accuracy": 0.9597691535630646, "Recall": 0.943241469816273}, "res50_vectors/lottery_20/lottery_20_40000": {"Precision": 0.9794021602612409, "Accuracy": 0.9634459840742366, "Recall": 0.949008153827431}, "res50_vectors/lottery_20/lottery_20_10000": {"Precision": 0.9696663296258847, "Accuracy": 0.9576612903225806, "Recall": 0.9466929911154985}}