{"Precision": 0.9748664159905007, "Accuracy": 0.9600361028932457, "Recall": 0.9477633477633478}