{"Precision": 0.9606174549772413, "Accuracy": 0.952314095171238, "Recall": 0.9461066172887633}