{"Precision": 0.9607476635514018, "Accuracy": 0.9472231515557042, "Recall": 0.9339279814998348}