{"Precision": 0.9731520815632965, "Accuracy": 0.9628638340582134, "Recall": 0.9524363878263762}