{"Precision": 0.9696663296258847, "Accuracy": 0.9576612903225806, "Recall": 0.9466929911154985}