{"Precision": 0.956159728122345, "Accuracy": 0.9429575108732018, "Recall": 0.9299289373657247}