{"Precision": 0.9720262096774194, "Accuracy": 0.9559155990957046, "Recall": 0.9414205516231389}