{"Precision": 0.9780745967741935, "Accuracy": 0.9637025872896258, "Recall": 0.9505265735978448}