{"Precision": 0.9727455413212761, "Accuracy": 0.9578029970531068, "Recall": 0.9443970247530789}