{"Precision": 0.9766475361171582, "Accuracy": 0.9619916762773906, "Recall": 0.9497690531177829}