{"Precision": 0.9644657258064516, "Accuracy": 0.95528761617684, "Recall": 0.9468085106382979}