{"Precision": 0.9682366910746092, "Accuracy": 0.9542696685553829, "Recall": 0.943041634541249}