{"Precision": 0.9616935483870968, "Accuracy": 0.9469982416478272, "Recall": 0.933920704845815}