{"Precision": 0.9629490077869882, "Accuracy": 0.9534767070035739, "Recall": 0.9449100320433819}