{"Precision": 0.9656754460492778, "Accuracy": 0.9528270324523251, "Recall": 0.9401157981803143}