{"Precision": 0.9595579000251193, "Accuracy": 0.9472694212803311, "Recall": 0.9363892633901213}