{"Precision": 0.9683942225998301, "Accuracy": 0.9565071930411508, "Recall": 0.9446378252942151}