{"Precision": 0.9657121326299924, "Accuracy": 0.9511568123393316, "Recall": 0.938255033557047}