{"Precision": 0.9362992922143579, "Accuracy": 0.9425403225806451, "Recall": 0.9477993858751279}