{"Precision": 0.9691607684529828, "Accuracy": 0.9523689516129032, "Recall": 0.9374083129584352}