{"Precision": 0.9499494438827099, "Accuracy": 0.9445564516129032, "Recall": 0.9395}