{"Precision": 0.9575499703146646, "Accuracy": 0.9443413729128015, "Recall": 0.934253716933771}