{"Precision": 0.9657629131209182, "Accuracy": 0.9505089505089505, "Recall": 0.9383713104509182}