{"Precision": 0.9794021602612409, "Accuracy": 0.9634459840742366, "Recall": 0.949008153827431}