{"Precision": 0.9776370472986344, "Accuracy": 0.9654515368801083, "Recall": 0.9552354249250701}