{"Precision": 0.961071789686552, "Accuracy": 0.9576612903225806, "Recall": 0.9543172690763052}