{"Precision": 0.9721941354903944, "Accuracy": 0.9611895161290323, "Recall": 0.9510385756676558}