{"Precision": 0.975885455915599, "Accuracy": 0.9610006896984137, "Recall": 0.947560975609756}