{"Precision": 0.9770603228547153, "Accuracy": 0.9597691535630646, "Recall": 0.943241469816273}